title,preview
NASA InSight's 'Mole' Is Out of Sight,"Now that the heat probe is just below the Martian surface, InSight's arm will scoop some additional soil on top to help it keep digging so it can take Mars' temperature."
NASA's InSight 'Hears' Peculiar Sounds on Mars,"Listen to the marsquakes and other, less-expected sounds that the Mars lander has been detecting."
Two Rovers to Roll on Mars Again: Curiosity and Mars 2020,"They look like twins. But under the hood, the rover currently exploring the Red Planet and the one launching there this summer have distinct science tools and roles to play."
NASA's Treasure Map for Water Ice on Mars,"A new study identifies frozen water just below the Martian surface, where astronauts could easily dig it up."
Curiosity Mars Rover's Summer Road Trip Has Begun,"After more than a year in the ""clay-bearing unit,"" Curiosity is making a mile-long journey around some deep sand so that it can explore higher up Mount Sharp."
3 Things We've Learned From NASA's Mars InSight ,Scientists are finding new mysteries since the geophysics mission landed two years ago.
Two of a Space Kind: Apollo 12 and Mars 2020,"Apollo 12 and the upcoming Mars 2020 mission may be separated by half a century, but they share several goals unique in the annals of space exploration."
Follow NASA's Perseverance Rover in Real Time on Its Way to Mars,"A crisply rendered web application can show you where the agency's Mars 2020 mission is right now as it makes its way to the Red Planet for a Feb. 18, 2021, landing."
The Detective Aboard NASA's Perseverance Rover,"An instrument called SHERLOC will, with the help of its partner WATSON, hunt for signs of ancient life by detecting organic molecules and minerals."
InSight's 'Mole' Team Peers into the Pit,Efforts to save the heat probe continue.
NASA's Mars Perseverance Rover Passes Flight Readiness Review,"​The agency's Mars 2020 mission has one more big prelaunch review – the Launch Readiness Review, on July 27."
"What's Mars Solar Conjunction, and Why Does It Matter?","NASA spacecraft at Mars are going to be on their own for a few weeks when the Sun comes between Mars and Earth, interrupting communications."
Mars 2020 Stands on Its Own Six Wheels,"In time-lapse video, taken at JPL, captures the first time NASA's Mars 2020 rover carries its full weight on its legs and wheels."
Global Storms on Mars Launch Dust Towers Into the Sky,"A Mars Dust Tower Stands Out Dust storms are common on Mars. But every decade or so, something unpredictable happens: a series of runaway storms break out, covering the entire planet in a dusty haze."
NASA Invites Students to Name Mars 2020 Rover,"Through Nov. 1, K-12 students in the U.S. are encouraged to enter an essay contest to name NASA's next Mars rover."
